{"Category":{"0":"ASMR","1":"Animals & Pets","2":"Animation","3":"Autos & Vehicles","4":"Beauty","5":"DIY & Life Hacks","6":"Daily vlogs","7":"Design\/art","8":"Education","9":"Fashion","10":"Fitness","11":"Food & Drinks","12":"Health & Self Help","13":"Humor","14":"Movies","15":"Music & Dance","16":"Mystery","17":"News & Politics","18":"Science & Technology","19":"Sports","20":"Toys","21":"Travel","22":"Video games"},"Average_view":{"0":0.2523401338,"1":1.0,"2":0.4370701881,"3":0.2805976668,"4":0.367117404,"5":0.4568378013,"6":0.5023432639,"7":0.2180937995,"8":0.2783149477,"9":0.1540653461,"10":0.1454330739,"11":0.2915727056,"12":0.7918741899,"13":0.9157256698,"14":0.3083496476,"15":0.5108556853,"16":0.1689628187,"17":0.0267264133,"18":0.4638636935,"19":0.094717247,"20":0.2326163654,"21":0.2082188291,"22":0.8874886155},"Average_likes":{"0":0.0834859788,"1":0.8191484047,"2":0.3330990684,"3":0.1491041098,"4":0.3305551855,"5":0.2618769289,"6":0.5513164442,"7":0.341460734,"8":0.1778535454,"9":0.1537691144,"10":0.1059748218,"11":0.2723764366,"12":0.3279653745,"13":1.0,"14":0.4402450205,"15":0.3387573934,"16":0.1737494172,"17":0.0135207639,"18":0.4032460167,"19":0.1241221299,"20":0.0717871595,"21":0.1719010191,"22":0.7160432878}}