{"Category":{"0":"ASMR","1":"Animals & Pets","2":"Animation","3":"Autos & Vehicles","4":"Beauty","5":"DIY & Life Hacks","6":"Daily vlogs","7":"Design\/art","8":"Education","9":"Fashion","10":"Fitness","11":"Food & Drinks","12":"Health & Self Help","13":"Humor","14":"Movies","15":"Music & Dance","16":"Mystery","17":"News & Politics","18":"Science & Technology","19":"Sports","20":"Toys","21":"Travel","22":"Video games"},"Average_view":{"0":0.2523401338,"1":1.0,"2":0.3926295562,"3":0.1587954453,"4":0.367117404,"5":0.4568378013,"6":0.4423525569,"7":0.2180937995,"8":0.3017107766,"9":0.1540653461,"10":0.1454330739,"11":0.2915727056,"12":0.7918741899,"13":0.8726572413,"14":0.3015448843,"15":0.4915101849,"16":0.1689628187,"17":0.0263591669,"18":0.4474907549,"19":0.094717247,"20":0.2758033499,"21":0.2082188291,"22":0.8702451763},"Average_likes":{"0":0.0879269896,"1":0.86272275,"2":0.2687071309,"3":0.1068534633,"4":0.3481389661,"5":0.2758073909,"6":0.4937260207,"7":0.3596246319,"8":0.1315040532,"9":0.1619488147,"10":0.1116121196,"11":0.2868654167,"12":0.3454113908,"13":1.0,"14":0.4273653715,"15":0.3283025159,"16":0.1829919635,"17":0.0140388857,"18":0.4140982679,"19":0.1307247681,"20":0.0484628043,"21":0.1810452405,"22":0.7384239677}}